Full Name,Contact Email,Phone Number,Company Name,City Location,Lead Source,Created At
Neha Miller,neha.miller1@yahoo.com,0091-8696947622,Amazon,London,facebook_leads,2026-05-08T05:44:05.583Z
Michael Brown,michael.brown2@corp.com,7769748429,StartUp Inc,Tokyo,organic_search,2026-04-13T21:54:03.812Z
Raj Patel,raj.patel3@gmail.com,+91 9032744300,Amazon,San Francisco,google_ads,2026-06-13T03:21:14.313Z
Vijay Reddy,vijay.reddy4@groweasy.ai,0091-8205095995,Alpha Corp,Bangalore,referral,2026-03-22T19:24:47.611Z
Neha Davis,neha.davis5@tech.org,9267038714,Google,Kolkata,facebook_leads,2026-05-16T08:35:09.764Z
Vikram Gupta,vikram.gupta6@corp.com,+91 7534575523,Meta,Chennai,linkedin_outreach,2026-04-05T05:05:40.271Z
Amit Rao,amit.rao7@groweasy.ai,0091-9266165176,Alpha Corp,Kolkata,linkedin_outreach,2026-05-17T13:01:58.998Z
Neha Miller,neha.miller8@corp.com,7585884166,Meta,,unknown_source,2026-04-24T08:56:17.072Z
Raj Brown,raj.brown9@groweasy.ai,+91 7476154373,StartUp Inc,Kolkata,unknown_source,2026-03-23T04:50:28.418Z
Emma Reddy,emma.reddy10@outlook.com,0091-8873583658,,Bangalore,facebook_leads,2026-05-25T17:08:58.732Z
Anjali Gupta,anjali.gupta11@tech.org,9345086411,Meta,San Francisco,facebook_leads,2026-04-03T14:26:38.059Z
Amit Joshi,amit.joshi12@yahoo.com,+91 7376020503,StartUp Inc,San Francisco,linkedin_outreach,2026-05-10T17:03:22.225Z
Emma Singh,emma.singh13@yahoo.com,0091-9455459520,StartUp Inc,Kolkata,facebook_leads,2026-03-26T23:36:26.357Z
Vijay Smith,vijay.smith14@yahoo.com,8431748432,GrowEasy,London,facebook_leads,2026-03-31T03:03:55.169Z
Anjali Brown,"anjali.brown15@corp.com;anjali.brown15.alt@gmail.com",+91 9420604461,Meta,Hyderabad,facebook_leads,2026-05-13T05:50:53.974Z
Sarah Gupta,sarah.gupta16@tech.org,0091-6721779025,Google,,unknown_source,2026-04-18T17:13:35.631Z
Amit Smith,amit.smith17@yahoo.com,8839452045,GrowEasy,London,organic_search,2026-04-09T00:24:22.896Z
Sarah Patel,sarah.patel18@outlook.com,+91 7521604597,Alpha Corp,London,unknown_source,2026-05-03T09:49:13.408Z
David Jones,david.jones19@tech.org,0091-7817287578,Alpha Corp,Kolkata,referral,2026-03-26T00:42:51.462Z
Raj Patel,raj.patel20@corp.com,7402044160,,Hyderabad,google_ads,2026-03-29T15:16:42.639Z
Emma Doe,emma.doe21@groweasy.ai,+91 9762013386,Beta Group,Bangalore,organic_search,2026-06-22T19:27:56.949Z
Vijay Reddy,vijay.reddy22@outlook.com,0091-8541944327,Beta Group,New York,facebook_leads,2026-06-08T07:41:22.508Z
Sunita Davis,sunita.davis23@groweasy.ai,9169581756,Google,Mumbai,referral,2026-07-06T01:38:58.908Z
Sunita Sharma,sunita.sharma24@outlook.com,+91 8373656635,Wipro,,google_ads,2026-04-20T19:01:00.463Z
Sarah Brown,,0091-7027698724,Meta,San Francisco,linkedin_outreach,2026-03-16T01:12:59.230Z
John Sharma,john.sharma26@yahoo.com,6024016018,Wipro,Hyderabad,facebook_leads,2026-06-13T01:31:22.839Z
Vijay Singh,vijay.singh27@corp.com,+91 7194009672,Meta,New York,referral,2026-07-01T16:41:14.581Z
Michael Mehra,michael.mehra28@tech.org,0091-6976969113,Amazon,Bangalore,organic_search,2026-04-26T11:28:06.515Z
Vijay Mehra,vijay.mehra29@groweasy.ai,8409264744,StartUp Inc,Mumbai,organic_search,2026-05-02T11:58:34.978Z
Emma Smith,"emma.smith30@tech.org;emma.smith30.alt@tech.org",,,San Francisco,facebook_leads,2026-04-26T18:43:39.653Z
David Nair,david.nair31@corp.com,0091-8139425348,TCS,London,unknown_source,2026-07-06T15:17:13.449Z
Vijay Verma,vijay.verma32@corp.com,7353845399,Beta Group,,unknown_source,2026-06-18T09:40:06.335Z
Raj Joshi,raj.joshi33@gmail.com,+91 6006416458,TCS,Kolkata,google_ads,2026-05-05T18:09:34.180Z
Michael Patel,michael.patel34@groweasy.ai,0091-8635383194,GrowEasy,Kolkata,unknown_source,2026-07-01T05:22:32.326Z
Vijay Gupta,vijay.gupta35@tech.org,6797199379,TCS,Delhi,referral,2026-05-12T17:24:54.576Z
Sarah Verma,sarah.verma36@yahoo.com,+91 9014839932,StartUp Inc,Delhi,google_ads,2026-04-02T12:53:15.224Z
Vijay Jones,vijay.jones37@corp.com,0091-9660035131,Google,Chennai,unknown_source,2026-03-24T20:19:12.262Z
David Reddy,david.reddy38@gmail.com,7739085690,GrowEasy,London,unknown_source,2026-03-28T11:05:50.598Z
Vikram Miller,vikram.miller39@tech.org,+91 9776073416,Google,Kolkata,unknown_source,2026-03-20T06:34:08.514Z
John Nair,,,,,referral,2026-04-14T07:07:28.878Z
Sarah Gupta,sarah.gupta41@tech.org,8436036534,Google,Delhi,referral,2026-04-13T10:35:55.961Z
Anjali Sharma,anjali.sharma42@tech.org,+91 9627952142,Beta Group,Tokyo,unknown_source,2026-04-16T03:05:27.143Z
Sarah Mehra,sarah.mehra43@yahoo.com,0091-9564119319,Infosys,Chennai,organic_search,2026-05-01T11:37:41.649Z
Vikram Smith,vikram.smith44@groweasy.ai,7902004942,Wipro,Kolkata,google_ads,2026-05-30T23:02:59.015Z
Sunita Mehra,"sunita.mehra45@groweasy.ai;sunita.mehra45.alt@corp.com",+91 9761612323,Beta Group,London,unknown_source,2026-06-21T18:30:53.437Z
Rahul Miller,rahul.miller46@outlook.com,0091-7527786711,StartUp Inc,Bangalore,unknown_source,2026-03-26T07:35:45.141Z
Amit Joshi,amit.joshi47@groweasy.ai,8800917821,Wipro,Kolkata,facebook_leads,2026-04-02T05:00:52.867Z
John Brown,john.brown48@gmail.com,+91 8505885788,Beta Group,,organic_search,2026-04-12T11:22:50.411Z
Ritu Smith,ritu.smith49@groweasy.ai,0091-6644028192,Wipro,Pune,referral,2026-06-23T13:40:23.834Z
Jane Davis,,8900685703,,Mumbai,linkedin_outreach,2026-04-01T20:14:01.536Z
Sarah Reddy,sarah.reddy51@yahoo.com,+91 7388657312,Google,London,unknown_source,2026-05-15T11:15:48.991Z
Anjali Singh,anjali.singh52@outlook.com,0091-8785874351,Alpha Corp,Kolkata,google_ads,2026-04-02T06:28:53.481Z
Raj Nair,raj.nair53@yahoo.com,9143913058,Infosys,Hyderabad,google_ads,2026-04-23T08:37:14.988Z
Jane Miller,jane.miller54@gmail.com,+91 9210420235,GrowEasy,San Francisco,referral,2026-06-21T17:07:51.690Z
Anjali Sharma,anjali.sharma55@corp.com,0091-7379009665,Infosys,New York,referral,2026-06-28T01:43:15.188Z
Raj Sharma,raj.sharma56@yahoo.com,6296467479,Wipro,,facebook_leads,2026-04-03T21:25:49.206Z
Priya Smith,priya.smith57@gmail.com,+91 8527734841,Wipro,Bangalore,linkedin_outreach,2026-04-01T10:57:03.160Z
Raj Brown,raj.brown58@outlook.com,0091-6455138083,Meta,Chennai,unknown_source,2026-04-15T04:07:28.309Z
David Verma,david.verma59@gmail.com,9538814965,Amazon,Chennai,google_ads,2026-05-06T10:46:52.483Z
David Smith,"david.smith60@tech.org;david.smith60.alt@yahoo.com",,,London,linkedin_outreach,2026-03-30T20:19:57.098Z
Vijay Brown,vijay.brown61@yahoo.com,0091-6917772595,Google,Chennai,unknown_source,2026-06-13T20:48:30.262Z
David Verma,david.verma62@groweasy.ai,6758358828,Beta Group,Kolkata,google_ads,2026-05-03T22:24:52.745Z
Raj Brown,raj.brown63@yahoo.com,+91 6578060005,StartUp Inc,New York,facebook_leads,2026-07-07T17:33:11.960Z
Neha Jones,neha.jones64@tech.org,0091-6512550379,Infosys,,linkedin_outreach,2026-06-30T10:38:47.638Z
Rahul Gupta,rahul.gupta65@groweasy.ai,7454420257,GrowEasy,Tokyo,organic_search,2026-05-31T19:39:46.430Z
Sunita Jones,sunita.jones66@groweasy.ai,+91 6690109377,Meta,Chennai,organic_search,2026-05-09T05:00:03.968Z
Anjali Smith,anjali.smith67@yahoo.com,0091-8893882924,TCS,San Francisco,google_ads,2026-05-27T11:15:05.634Z
Vijay Patel,vijay.patel68@yahoo.com,9342338407,Meta,Kolkata,organic_search,2026-04-29T19:33:01.986Z
Neha Davis,neha.davis69@groweasy.ai,+91 8300433084,Wipro,Mumbai,referral,2026-04-21T21:57:51.331Z
Vijay Mehra,vijay.mehra70@tech.org,0091-6883158076,,Delhi,organic_search,2026-03-29T01:25:33.116Z
Ritu Singh,ritu.singh71@corp.com,9242456576,StartUp Inc,Chennai,linkedin_outreach,2026-06-14T12:27:15.735Z
Jane Joshi,jane.joshi72@tech.org,+91 6503180772,TCS,,unknown_source,2026-03-23T16:39:35.913Z
John Reddy,john.reddy73@tech.org,0091-7119513880,TCS,Pune,linkedin_outreach,2026-06-05T18:15:00.956Z
Jane Reddy,jane.reddy74@gmail.com,6067296217,Meta,Bangalore,referral,2026-06-30T23:59:31.001Z
Raj Sharma,,+91 8187499849,Meta,Chennai,unknown_source,2026-04-13T18:19:55.255Z
Vijay Miller,vijay.miller76@gmail.com,0091-8093737307,Beta Group,Bangalore,google_ads,2026-06-30T12:44:19.583Z
Emma Singh,emma.singh77@yahoo.com,6979948187,Amazon,Tokyo,referral,2026-04-03T12:10:24.505Z
Raj Davis,raj.davis78@yahoo.com,+91 7622538399,Beta Group,Tokyo,organic_search,2026-05-02T01:31:02.255Z
Michael Miller,michael.miller79@outlook.com,0091-6927056635,Google,Tokyo,facebook_leads,2026-03-29T12:00:27.307Z
Anjali Verma,,,,,facebook_leads,2026-07-02T03:24:09.595Z
Emma Smith,emma.smith81@tech.org,+91 7021928416,Beta Group,Bangalore,facebook_leads,2026-03-25T07:10:01.551Z
Jane Gupta,jane.gupta82@tech.org,0091-6888466478,Beta Group,Mumbai,unknown_source,2026-06-19T18:36:45.619Z
Rahul Patel,rahul.patel83@groweasy.ai,9357309502,Amazon,Tokyo,google_ads,2026-05-01T13:17:57.837Z
Amit Gupta,amit.gupta84@yahoo.com,+91 9128198163,Meta,New York,unknown_source,2026-04-10T15:57:24.296Z
David Sharma,david.sharma85@yahoo.com,0091-6755444260,Beta Group,Tokyo,linkedin_outreach,2026-05-04T08:01:56.024Z
John Brown,john.brown86@outlook.com,6462014957,Amazon,Delhi,referral,2026-05-07T14:58:09.482Z
Rahul Rao,rahul.rao87@corp.com,+91 9703769587,Beta Group,Kolkata,organic_search,2026-04-30T21:19:29.779Z
Vikram Reddy,vikram.reddy88@outlook.com,0091-8489257598,Amazon,,organic_search,2026-03-24T21:51:26.918Z
Amit Patel,amit.patel89@groweasy.ai,8870355167,Google,Chennai,unknown_source,2026-05-07T08:18:52.236Z
David Verma,"david.verma90@groweasy.ai;david.verma90.alt@outlook.com",,,Mumbai,unknown_source,2026-04-05T02:17:18.551Z
David Davis,david.davis91@groweasy.ai,0091-9314387130,GrowEasy,Chennai,facebook_leads,2026-06-21T10:10:28.955Z
Ritu Gupta,ritu.gupta92@yahoo.com,7509228560,Wipro,Hyderabad,facebook_leads,2026-05-10T13:20:28.893Z
Rahul Gupta,rahul.gupta93@gmail.com,+91 7089497972,Beta Group,Kolkata,google_ads,2026-06-25T05:21:02.018Z
Jane Sharma,jane.sharma94@tech.org,0091-7798609047,GrowEasy,New York,linkedin_outreach,2026-03-20T13:46:44.536Z
Neha Davis,neha.davis95@outlook.com,8857260239,GrowEasy,Pune,unknown_source,2026-03-30T17:20:14.611Z
Emma Mehra,emma.mehra96@groweasy.ai,+91 8512354541,GrowEasy,,referral,2026-03-27T13:35:43.368Z
Raj Gupta,raj.gupta97@groweasy.ai,0091-6373972908,Amazon,Delhi,referral,2026-06-23T07:36:39.527Z
Michael Smith,michael.smith98@outlook.com,9232711315,Infosys,Mumbai,referral,2026-05-28T16:22:56.183Z
Emma Verma,emma.verma99@gmail.com,+91 7187535423,GrowEasy,Pune,organic_search,2026-05-20T04:29:38.670Z
Sarah Smith,,0091-6518247352,,Delhi,linkedin_outreach,2026-06-08T10:59:21.314Z
Vijay Singh,vijay.singh101@tech.org,7052366551,Wipro,San Francisco,referral,2026-05-20T03:16:41.778Z
Ritu Verma,ritu.verma102@groweasy.ai,+91 6962445583,TCS,London,linkedin_outreach,2026-04-29T05:03:12.748Z
Sarah Nair,sarah.nair103@tech.org,0091-7869675077,Meta,New York,referral,2026-04-13T01:41:28.122Z
Vikram Jones,vikram.jones104@outlook.com,8142965347,Beta Group,,referral,2026-04-21T08:29:36.004Z
Sarah Mehra,"sarah.mehra105@groweasy.ai;sarah.mehra105.alt@tech.org",+91 8450424099,TCS,Kolkata,google_ads,2026-05-11T04:22:04.369Z
John Smith,john.smith106@tech.org,0091-6585735017,Meta,Chennai,linkedin_outreach,2026-06-27T12:29:44.620Z
David Miller,david.miller107@corp.com,7053689224,Meta,Hyderabad,google_ads,2026-06-05T21:31:45.290Z
Anjali Joshi,anjali.joshi108@corp.com,+91 9684411566,TCS,Delhi,linkedin_outreach,2026-06-02T16:52:52.781Z
David Davis,david.davis109@groweasy.ai,0091-8121945837,Alpha Corp,Bangalore,referral,2026-05-16T11:04:21.003Z
Priya Singh,priya.singh110@outlook.com,9800845897,,Pune,organic_search,2026-03-22T08:26:07.346Z
Sunita Smith,sunita.smith111@outlook.com,+91 8483593167,Meta,London,linkedin_outreach,2026-06-02T09:31:06.643Z
Amit Verma,amit.verma112@gmail.com,0091-7923279947,Infosys,,referral,2026-06-06T22:15:48.787Z
Neha Jones,neha.jones113@tech.org,9018041533,Alpha Corp,San Francisco,organic_search,2026-05-02T22:29:22.269Z
Michael Jones,michael.jones114@corp.com,+91 6277049725,TCS,Hyderabad,google_ads,2026-05-08T13:18:04.486Z
Anjali Rao,anjali.rao115@yahoo.com,0091-7061048304,TCS,New York,organic_search,2026-04-30T17:43:41.018Z
Michael Reddy,michael.reddy116@corp.com,7348778984,Beta Group,Pune,unknown_source,2026-06-13T13:11:40.106Z
Priya Davis,priya.davis117@gmail.com,+91 8903359647,StartUp Inc,Bangalore,google_ads,2026-04-24T23:39:53.753Z
Raj Singh,raj.singh118@tech.org,0091-9928193598,Meta,Tokyo,organic_search,2026-06-21T16:38:34.545Z
Sarah Patel,sarah.patel119@gmail.com,6950943519,Beta Group,Chennai,facebook_leads,2026-07-06T06:28:28.000Z
Ritu Miller,,,,,facebook_leads,2026-04-24T23:22:30.998Z
Priya Verma,priya.verma121@yahoo.com,0091-6084634944,TCS,Chennai,linkedin_outreach,2026-03-14T17:50:18.940Z
Michael Jones,michael.jones122@corp.com,7931308001,Beta Group,Kolkata,facebook_leads,2026-04-08T01:56:35.262Z
Raj Doe,raj.doe123@outlook.com,+91 7203768068,Wipro,Hyderabad,linkedin_outreach,2026-04-23T03:13:13.526Z
John Davis,john.davis124@outlook.com,0091-9516571253,TCS,Kolkata,referral,2026-04-14T09:44:39.085Z
Rahul Reddy,,7721484309,Infosys,London,google_ads,2026-05-04T10:04:52.307Z
David Sharma,david.sharma126@yahoo.com,+91 6055062883,TCS,Hyderabad,referral,2026-06-21T10:31:10.722Z
Ritu Smith,ritu.smith127@gmail.com,0091-6491133050,Infosys,New York,organic_search,2026-05-08T06:45:58.890Z
Sarah Brown,sarah.brown128@yahoo.com,9815061568,Google,,google_ads,2026-06-21T02:30:18.975Z
Anjali Nair,anjali.nair129@gmail.com,+91 7843790539,StartUp Inc,Bangalore,linkedin_outreach,2026-04-26T09:28:52.455Z
Vikram Mehra,vikram.mehra130@groweasy.ai,0091-8322510879,,New York,linkedin_outreach,2026-05-02T19:53:45.020Z
John Sharma,john.sharma131@outlook.com,9676397187,Meta,New York,google_ads,2026-05-31T06:28:30.369Z
Vijay Brown,vijay.brown132@tech.org,+91 9483784130,Meta,Kolkata,linkedin_outreach,2026-03-19T12:30:54.429Z
Jane Verma,jane.verma133@yahoo.com,0091-7463972802,Amazon,San Francisco,facebook_leads,2026-06-18T04:23:24.667Z
Jane Patel,jane.patel134@corp.com,8730372043,Alpha Corp,Hyderabad,linkedin_outreach,2026-03-15T06:25:18.602Z
Sunita Sharma,"sunita.sharma135@tech.org;sunita.sharma135.alt@outlook.com",+91 7809142970,Infosys,Tokyo,referral,2026-03-23T19:22:29.455Z
Sarah Nair,sarah.nair136@tech.org,0091-7772070354,Alpha Corp,,google_ads,2026-04-07T20:48:29.571Z
Neha Nair,neha.nair137@outlook.com,6546273310,Meta,Delhi,organic_search,2026-04-09T03:09:14.404Z
Raj Singh,raj.singh138@groweasy.ai,+91 7651688546,StartUp Inc,Chennai,referral,2026-06-05T08:20:38.217Z
John Doe,john.doe139@outlook.com,0091-6420925556,TCS,Hyderabad,google_ads,2026-06-23T19:51:29.264Z
Raj Singh,raj.singh140@yahoo.com,8178940544,,Tokyo,google_ads,2026-04-20T04:55:42.248Z
David Rao,david.rao141@groweasy.ai,+91 8163268383,Meta,Chennai,referral,2026-04-28T20:00:45.883Z
Neha Patel,neha.patel142@corp.com,0091-7542339798,Infosys,Kolkata,google_ads,2026-05-28T16:37:06.316Z
Sarah Singh,sarah.singh143@groweasy.ai,8284644230,Wipro,New York,google_ads,2026-04-12T10:06:42.984Z
Neha Doe,neha.doe144@outlook.com,+91 6650354803,Infosys,,linkedin_outreach,2026-05-09T03:49:17.741Z
Neha Verma,neha.verma145@groweasy.ai,0091-7877966385,Wipro,Chennai,referral,2026-05-07T05:35:45.459Z
Raj Verma,raj.verma146@yahoo.com,9688614223,Meta,Kolkata,referral,2026-04-23T06:29:57.459Z
John Sharma,john.sharma147@tech.org,+91 9930859107,Beta Group,Mumbai,organic_search,2026-06-06T03:46:48.603Z
Rahul Verma,rahul.verma148@groweasy.ai,0091-9597519618,Infosys,Pune,facebook_leads,2026-04-28T13:02:30.718Z
Michael Doe,michael.doe149@groweasy.ai,6065018698,Alpha Corp,Hyderabad,linkedin_outreach,2026-03-27T22:01:29.050Z
Sunita Patel,,,,Hyderabad,organic_search,2026-05-20T04:48:22.494Z
John Joshi,john.joshi151@tech.org,0091-8310015782,Infosys,San Francisco,google_ads,2026-06-10T13:44:19.629Z
Raj Patel,raj.patel152@yahoo.com,7499592434,Infosys,,linkedin_outreach,2026-07-04T19:27:14.659Z
Raj Doe,raj.doe153@yahoo.com,+91 9043918309,Meta,Delhi,referral,2026-05-04T15:15:59.628Z
Vijay Mehra,vijay.mehra154@outlook.com,0091-7245262833,Meta,Chennai,referral,2026-06-28T05:41:22.636Z
Priya Mehra,priya.mehra155@corp.com,7456834245,Infosys,Pune,unknown_source,2026-05-14T15:48:00.584Z
Amit Miller,amit.miller156@gmail.com,+91 6378960558,TCS,Kolkata,organic_search,2026-05-27T14:30:48.130Z
Emma Joshi,emma.joshi157@gmail.com,0091-6629606906,Infosys,New York,google_ads,2026-03-14T02:42:46.243Z
Anjali Joshi,anjali.joshi158@gmail.com,7724006260,Infosys,Bangalore,google_ads,2026-05-20T10:04:36.459Z
Jane Mehra,jane.mehra159@tech.org,+91 9310139377,StartUp Inc,San Francisco,unknown_source,2026-05-06T18:52:15.959Z
John Reddy,,,,,unknown_source,2026-04-20T02:26:34.500Z
Ritu Verma,ritu.verma161@outlook.com,6088044844,Amazon,Chennai,unknown_source,2026-05-17T10:27:17.093Z
David Miller,david.miller162@outlook.com,+91 7317071854,StartUp Inc,San Francisco,facebook_leads,2026-04-17T22:18:25.244Z
Jane Nair,jane.nair163@tech.org,0091-6734818795,Amazon,San Francisco,organic_search,2026-03-28T01:02:09.807Z
Ritu Nair,ritu.nair164@gmail.com,6465460013,Alpha Corp,Chennai,linkedin_outreach,2026-06-04T07:01:09.027Z
Sarah Miller,"sarah.miller165@groweasy.ai;sarah.miller165.alt@yahoo.com",+91 9772751500,Beta Group,Bangalore,unknown_source,2026-06-10T14:56:30.742Z
Anjali Miller,anjali.miller166@gmail.com,0091-7421472883,Wipro,Hyderabad,unknown_source,2026-06-14T00:07:14.549Z
John Patel,john.patel167@tech.org,6122678745,TCS,Tokyo,unknown_source,2026-06-22T23:02:52.372Z
John Gupta,john.gupta168@outlook.com,+91 8062544997,TCS,,google_ads,2026-07-05T22:52:14.244Z
Jane Sharma,jane.sharma169@outlook.com,0091-9621651034,Amazon,Delhi,unknown_source,2026-03-18T22:01:35.995Z
Sunita Davis,sunita.davis170@tech.org,8755366626,,San Francisco,google_ads,2026-03-16T18:57:02.838Z
Anjali Reddy,anjali.reddy171@groweasy.ai,+91 9338336024,Wipro,Mumbai,google_ads,2026-04-07T04:26:19.015Z
Amit Rao,amit.rao172@outlook.com,0091-9942497308,StartUp Inc,Delhi,unknown_source,2026-04-29T23:16:07.258Z
Vijay Doe,vijay.doe173@corp.com,9619999212,Alpha Corp,Bangalore,linkedin_outreach,2026-03-29T20:18:19.819Z
Emma Nair,emma.nair174@tech.org,+91 8409653688,Infosys,Tokyo,organic_search,2026-05-30T17:00:13.055Z
Neha Doe,,0091-9962351838,Meta,New York,linkedin_outreach,2026-05-03T17:15:42.197Z
Ritu Rao,ritu.rao176@tech.org,6822161346,GrowEasy,,unknown_source,2026-05-18T10:32:52.000Z
Sarah Nair,sarah.nair177@groweasy.ai,+91 6352118465,Infosys,London,unknown_source,2026-03-31T00:54:39.694Z
Sunita Patel,sunita.patel178@corp.com,0091-7298365950,GrowEasy,New York,organic_search,2026-04-02T17:23:53.872Z
Priya Smith,priya.smith179@tech.org,7943391438,Alpha Corp,Mumbai,unknown_source,2026-07-04T07:30:42.182Z
Sunita Rao,"sunita.rao180@outlook.com;sunita.rao180.alt@outlook.com",,,Hyderabad,unknown_source,2026-05-19T22:45:58.953Z
Michael Singh,michael.singh181@outlook.com,0091-9982725423,Beta Group,Mumbai,facebook_leads,2026-03-22T20:44:55.991Z
Vikram Miller,vikram.miller182@groweasy.ai,7504683844,Amazon,Kolkata,facebook_leads,2026-03-19T15:29:22.421Z
Vikram Sharma,vikram.sharma183@gmail.com,+91 7917468768,Meta,London,organic_search,2026-06-25T17:34:56.040Z
Vikram Patel,vikram.patel184@outlook.com,0091-9773032495,StartUp Inc,,linkedin_outreach,2026-04-10T04:33:06.856Z
Sunita Mehra,sunita.mehra185@corp.com,7052432455,Infosys,Tokyo,unknown_source,2026-04-21T11:50:31.949Z
Emma Nair,emma.nair186@groweasy.ai,+91 8327791812,Amazon,Pune,facebook_leads,2026-05-31T10:40:54.079Z
John Nair,john.nair187@gmail.com,0091-8868344220,StartUp Inc,Hyderabad,organic_search,2026-06-14T20:37:33.365Z
Neha Joshi,neha.joshi188@tech.org,8580219302,GrowEasy,Pune,linkedin_outreach,2026-05-18T04:12:55.398Z
Ritu Smith,ritu.smith189@corp.com,+91 9964059776,Meta,Hyderabad,facebook_leads,2026-04-15T22:11:46.951Z
Anjali Rao,anjali.rao190@outlook.com,0091-6208465543,,Chennai,linkedin_outreach,2026-06-14T20:43:29.831Z
Sarah Doe,sarah.doe191@groweasy.ai,6101075272,Wipro,Kolkata,google_ads,2026-03-21T02:05:53.485Z
David Gupta,david.gupta192@tech.org,+91 6682595851,Infosys,,referral,2026-04-03T03:26:11.413Z
Sarah Nair,sarah.nair193@yahoo.com,0091-6406848977,Infosys,Hyderabad,unknown_source,2026-04-28T16:58:59.798Z
Ritu Davis,ritu.davis194@corp.com,7311847441,StartUp Inc,Mumbai,google_ads,2026-06-30T10:04:31.669Z
Sarah Davis,"sarah.davis195@tech.org;sarah.davis195.alt@gmail.com",+91 9123534749,StartUp Inc,San Francisco,unknown_source,2026-03-24T03:47:53.898Z
Anjali Sharma,anjali.sharma196@corp.com,0091-8958128457,Amazon,London,facebook_leads,2026-06-08T13:57:26.653Z
Rahul Brown,rahul.brown197@corp.com,6625838827,Beta Group,London,google_ads,2026-04-16T13:09:18.723Z
Anjali Singh,anjali.singh198@corp.com,+91 8759448631,Meta,San Francisco,linkedin_outreach,2026-06-24T06:24:20.623Z
Emma Miller,emma.miller199@yahoo.com,0091-9764450197,Wipro,Delhi,referral,2026-05-27T11:42:50.863Z
Priya Singh,,,,,unknown_source,2026-04-02T06:03:53.311Z
Michael Davis,michael.davis201@yahoo.com,+91 9715952948,Beta Group,Bangalore,organic_search,2026-03-16T10:22:20.137Z
Ritu Patel,ritu.patel202@tech.org,0091-8287472866,Alpha Corp,Bangalore,organic_search,2026-03-17T14:15:10.130Z
Neha Gupta,neha.gupta203@corp.com,6944218826,Beta Group,Tokyo,organic_search,2026-03-25T11:03:14.055Z
Vijay Mehra,vijay.mehra204@gmail.com,+91 6178203711,Google,Hyderabad,google_ads,2026-05-21T23:41:24.436Z
Vijay Brown,vijay.brown205@outlook.com,0091-6594971430,Alpha Corp,New York,linkedin_outreach,2026-04-19T12:38:21.903Z
Jane Verma,jane.verma206@tech.org,8583686999,GrowEasy,London,google_ads,2026-03-21T06:10:54.627Z
Neha Patel,neha.patel207@corp.com,+91 8045484105,Wipro,Mumbai,google_ads,2026-04-09T12:04:34.591Z
Sarah Jones,sarah.jones208@yahoo.com,0091-9968081963,Google,,linkedin_outreach,2026-07-01T01:33:26.655Z
David Reddy,david.reddy209@corp.com,7701114045,TCS,Pune,google_ads,2026-05-28T19:11:11.809Z
Vijay Brown,"vijay.brown210@tech.org;vijay.brown210.alt@groweasy.ai",,,Tokyo,unknown_source,2026-06-17T01:14:13.860Z
Anjali Brown,anjali.brown211@yahoo.com,0091-6248156489,StartUp Inc,Delhi,referral,2026-06-20T18:21:45.199Z
Jane Sharma,jane.sharma212@outlook.com,8383123369,Wipro,San Francisco,linkedin_outreach,2026-04-13T09:20:48.589Z
Raj Mehra,raj.mehra213@gmail.com,+91 7526847938,Amazon,Chennai,linkedin_outreach,2026-06-12T08:02:24.547Z
John Doe,john.doe214@groweasy.ai,0091-8355671245,Infosys,New York,organic_search,2026-04-29T17:31:07.100Z
Rahul Jones,rahul.jones215@gmail.com,7776572077,Google,London,referral,2026-04-25T07:08:28.511Z
John Singh,john.singh216@groweasy.ai,+91 8146395313,Beta Group,,organic_search,2026-03-29T09:16:53.683Z
Rahul Doe,rahul.doe217@yahoo.com,0091-7698548298,Beta Group,Delhi,google_ads,2026-06-05T05:08:50.744Z
Raj Reddy,raj.reddy218@groweasy.ai,6073925473,Infosys,London,referral,2026-03-29T02:46:26.893Z
Vikram Brown,vikram.brown219@outlook.com,+91 6286536554,Amazon,New York,linkedin_outreach,2026-03-24T01:38:01.552Z
Sunita Reddy,sunita.reddy220@outlook.com,0091-6676876110,,Pune,facebook_leads,2026-04-22T18:56:00.951Z
Michael Doe,michael.doe221@yahoo.com,9417757178,Wipro,Hyderabad,organic_search,2026-03-30T21:54:25.756Z
David Miller,david.miller222@outlook.com,+91 9564608219,Infosys,Mumbai,unknown_source,2026-06-14T19:33:21.775Z
Michael Doe,michael.doe223@yahoo.com,0091-9357384814,StartUp Inc,Tokyo,google_ads,2026-03-23T16:57:37.292Z
Sarah Singh,sarah.singh224@gmail.com,6466390728,TCS,,google_ads,2026-05-30T17:35:33.942Z
Jane Joshi,,+91 8967151299,Google,San Francisco,linkedin_outreach,2026-04-21T22:32:16.950Z
Michael Nair,michael.nair226@corp.com,0091-9914831703,Infosys,Bangalore,organic_search,2026-05-06T05:48:14.967Z
Vikram Miller,vikram.miller227@tech.org,9930948713,Amazon,Tokyo,unknown_source,2026-04-05T21:59:08.268Z
Raj Gupta,raj.gupta228@outlook.com,+91 6174515199,GrowEasy,San Francisco,linkedin_outreach,2026-06-30T21:27:13.477Z
Jane Joshi,jane.joshi229@groweasy.ai,0091-6753467955,TCS,New York,linkedin_outreach,2026-04-26T00:43:23.137Z
Vikram Reddy,vikram.reddy230@outlook.com,7776018807,,San Francisco,organic_search,2026-04-01T12:35:30.076Z
Vikram Sharma,vikram.sharma231@gmail.com,+91 9796236980,StartUp Inc,London,unknown_source,2026-05-16T01:27:31.080Z
Amit Brown,amit.brown232@corp.com,0091-9740823258,Amazon,,facebook_leads,2026-05-15T22:17:27.447Z
Vijay Mehra,vijay.mehra233@groweasy.ai,9495954531,GrowEasy,London,linkedin_outreach,2026-04-17T03:02:58.119Z
Michael Brown,michael.brown234@outlook.com,+91 8261245349,StartUp Inc,Pune,facebook_leads,2026-04-13T19:58:54.436Z
Raj Nair,raj.nair235@groweasy.ai,0091-8469639034,Alpha Corp,Mumbai,facebook_leads,2026-06-29T10:40:55.868Z
David Nair,david.nair236@corp.com,8760853028,Alpha Corp,Tokyo,referral,2026-06-12T08:37:23.128Z
John Brown,john.brown237@corp.com,+91 8520227770,Meta,Chennai,referral,2026-05-06T02:47:58.938Z
Priya Brown,priya.brown238@corp.com,0091-9410790820,Amazon,Bangalore,organic_search,2026-07-07T03:13:40.886Z
Ritu Mehra,ritu.mehra239@corp.com,7881948431,Amazon,Hyderabad,unknown_source,2026-05-21T22:01:57.159Z
Sunita Jones,,,,,facebook_leads,2026-06-10T02:04:35.334Z
Michael Mehra,michael.mehra241@tech.org,0091-9562012351,Amazon,Chennai,linkedin_outreach,2026-03-21T14:32:50.738Z
David Patel,david.patel242@yahoo.com,6979062181,Infosys,Mumbai,google_ads,2026-04-24T22:52:59.065Z
Ritu Jones,ritu.jones243@outlook.com,+91 7046921720,Infosys,Kolkata,organic_search,2026-05-13T20:48:46.846Z
Sunita Verma,sunita.verma244@tech.org,0091-7972470576,Infosys,Hyderabad,google_ads,2026-05-12T18:23:21.451Z
Emma Joshi,emma.joshi245@groweasy.ai,6109195646,Google,New York,referral,2026-06-27T10:20:29.749Z
Rahul Brown,rahul.brown246@groweasy.ai,+91 9970459300,Meta,Chennai,linkedin_outreach,2026-04-15T05:08:52.024Z
Amit Miller,amit.miller247@groweasy.ai,0091-7600614598,Google,Mumbai,referral,2026-04-06T11:33:10.087Z
Sunita Miller,sunita.miller248@gmail.com,8089910898,Beta Group,,organic_search,2026-03-17T04:53:20.724Z
Raj Patel,raj.patel249@tech.org,+91 8486648708,Meta,Pune,organic_search,2026-04-27T08:07:28.246Z
David Mehra,,0091-9687638971,,San Francisco,organic_search,2026-07-04T12:38:39.511Z
Priya Gupta,priya.gupta251@groweasy.ai,8199631988,Infosys,San Francisco,unknown_source,2026-06-14T20:43:56.497Z
Neha Sharma,neha.sharma252@yahoo.com,+91 7879341732,Amazon,Delhi,facebook_leads,2026-05-23T11:38:19.133Z
Sunita Patel,sunita.patel253@groweasy.ai,0091-7511061075,StartUp Inc,Hyderabad,facebook_leads,2026-03-17T01:27:17.476Z
Rahul Miller,rahul.miller254@yahoo.com,8106819743,Alpha Corp,Tokyo,facebook_leads,2026-06-01T04:03:07.535Z
Emma Joshi,"emma.joshi255@groweasy.ai;emma.joshi255.alt@outlook.com",+91 9974339964,Infosys,Hyderabad,referral,2026-04-16T21:51:31.724Z
Sunita Davis,sunita.davis256@outlook.com,0091-7448994121,Alpha Corp,,facebook_leads,2026-06-23T13:57:48.535Z
Vijay Singh,vijay.singh257@outlook.com,8111972728,GrowEasy,Hyderabad,facebook_leads,2026-05-12T15:09:25.040Z
Sunita Davis,sunita.davis258@groweasy.ai,+91 6937350488,Alpha Corp,New York,organic_search,2026-05-17T09:53:17.176Z
Vikram Gupta,vikram.gupta259@gmail.com,0091-7051769629,GrowEasy,Hyderabad,linkedin_outreach,2026-05-20T04:52:12.166Z
David Verma,david.verma260@yahoo.com,8936042583,,Kolkata,linkedin_outreach,2026-06-18T11:18:57.239Z
Rahul Doe,rahul.doe261@corp.com,+91 6906950573,Meta,San Francisco,organic_search,2026-04-05T18:29:04.279Z
Emma Patel,emma.patel262@yahoo.com,0091-7934458440,Meta,San Francisco,organic_search,2026-05-28T00:39:21.112Z
John Verma,john.verma263@corp.com,6142519862,Beta Group,Bangalore,organic_search,2026-05-23T16:47:59.342Z
John Davis,john.davis264@outlook.com,+91 9154558797,TCS,,facebook_leads,2026-06-19T15:02:00.665Z
Amit Nair,amit.nair265@groweasy.ai,0091-9156472312,Alpha Corp,London,unknown_source,2026-07-04T10:19:07.511Z
Emma Singh,emma.singh266@tech.org,8830667679,GrowEasy,Chennai,facebook_leads,2026-04-11T08:30:26.914Z
Amit Rao,amit.rao267@yahoo.com,+91 6403707356,Beta Group,Chennai,unknown_source,2026-06-25T09:57:45.830Z
Jane Davis,jane.davis268@tech.org,0091-8943038233,Beta Group,London,facebook_leads,2026-03-20T06:27:11.471Z
Neha Miller,neha.miller269@corp.com,9822827724,Google,Mumbai,unknown_source,2026-04-06T05:34:41.229Z
Amit Davis,"amit.davis270@tech.org;amit.davis270.alt@yahoo.com",,,Pune,unknown_source,2026-06-02T23:07:48.854Z
Neha Doe,neha.doe271@corp.com,0091-9791084724,Infosys,New York,organic_search,2026-05-04T14:10:03.185Z
Sarah Patel,sarah.patel272@groweasy.ai,8932997341,Amazon,,google_ads,2026-05-20T09:53:21.157Z
Vijay Jones,vijay.jones273@yahoo.com,+91 6598039026,Infosys,Tokyo,facebook_leads,2026-06-11T07:33:13.128Z
Vikram Davis,vikram.davis274@tech.org,0091-9342882085,Infosys,Bangalore,unknown_source,2026-06-23T10:47:37.636Z
Sunita Nair,,8057337187,Alpha Corp,Kolkata,google_ads,2026-05-29T21:16:22.862Z
Michael Sharma,michael.sharma276@outlook.com,+91 8175568526,Alpha Corp,New York,unknown_source,2026-04-19T08:08:37.451Z
Vijay Singh,vijay.singh277@yahoo.com,0091-9512089992,TCS,Kolkata,linkedin_outreach,2026-06-26T12:27:41.158Z
Rahul Smith,rahul.smith278@yahoo.com,7352618573,GrowEasy,Chennai,facebook_leads,2026-04-14T09:22:15.699Z
Vikram Davis,vikram.davis279@groweasy.ai,+91 6618235764,Wipro,Delhi,organic_search,2026-05-19T19:10:11.461Z
Anjali Davis,,,,,unknown_source,2026-07-02T13:09:29.230Z
Priya Miller,priya.miller281@corp.com,8364491295,Meta,Hyderabad,referral,2026-07-01T12:07:36.086Z
Michael Doe,michael.doe282@corp.com,+91 6721877176,TCS,Chennai,facebook_leads,2026-04-14T07:56:56.179Z
Emma Miller,emma.miller283@tech.org,0091-7839289891,Alpha Corp,Bangalore,referral,2026-05-17T05:25:45.851Z
Ritu Jones,ritu.jones284@groweasy.ai,9010881676,StartUp Inc,Pune,organic_search,2026-03-20T14:16:32.351Z
Vijay Doe,"vijay.doe285@corp.com;vijay.doe285.alt@yahoo.com",+91 7309150631,StartUp Inc,Delhi,google_ads,2026-05-25T11:43:37.047Z
Vijay Gupta,vijay.gupta286@tech.org,0091-7395666227,Wipro,Pune,unknown_source,2026-03-19T11:06:43.837Z
Ritu Rao,ritu.rao287@yahoo.com,9800672213,Google,Bangalore,linkedin_outreach,2026-06-29T12:12:00.489Z
Raj Mehra,raj.mehra288@outlook.com,+91 9907737149,TCS,,unknown_source,2026-04-03T20:15:13.288Z
Vikram Miller,vikram.miller289@yahoo.com,0091-8788896298,Beta Group,San Francisco,facebook_leads,2026-05-02T04:30:33.428Z
Vikram Smith,vikram.smith290@yahoo.com,6978152105,,Pune,unknown_source,2026-06-11T04:32:38.018Z
Sunita Jones,sunita.jones291@corp.com,+91 7140041929,TCS,London,google_ads,2026-06-09T09:07:12.668Z
John Miller,john.miller292@groweasy.ai,0091-7428873166,Meta,Chennai,facebook_leads,2026-05-27T15:39:36.259Z
Amit Miller,amit.miller293@corp.com,8641433006,Infosys,New York,unknown_source,2026-03-20T18:48:01.852Z
Sunita Miller,sunita.miller294@yahoo.com,+91 7737357016,Google,Hyderabad,facebook_leads,2026-06-25T05:10:24.401Z
Neha Gupta,neha.gupta295@groweasy.ai,0091-8536697241,Infosys,Mumbai,linkedin_outreach,2026-06-27T07:15:26.177Z
John Smith,john.smith296@groweasy.ai,8881553429,Meta,,facebook_leads,2026-03-31T15:53:04.760Z
Jane Doe,jane.doe297@outlook.com,+91 9459561395,Amazon,Kolkata,linkedin_outreach,2026-05-16T02:52:51.286Z
David Rao,david.rao298@yahoo.com,0091-9943559327,Beta Group,London,referral,2026-06-25T14:16:36.268Z
Jane Sharma,jane.sharma299@gmail.com,9843536844,GrowEasy,Kolkata,facebook_leads,2026-04-23T09:24:30.304Z
Michael Sharma,,,,San Francisco,google_ads,2026-03-18T01:35:37.736Z